{"cameraMode":{"drawMode":0,"name":"Shaded","section":"Shading Mode"},"sceneLighting":false,"audioPlay":false,"sceneViewState":{"m_AlwaysRefresh":false,"showFog":true,"showSkybox":false,"showFlares":true,"showImageEffects":true,"showParticleSystems":true,"showVisualEffectGraphs":true,"m_FxEnabled":true},"in2DMode":false,"pivot":{"x":-1.470961332321167,"y":0.800688624382019,"z":0.08881120383739472},"rotation":{"x":0.027943037450313569,"y":-0.970637857913971,"z":0.14014855027198792,"w":0.19352182745933534},"size":0.5263910889625549,"orthographic":true}