{"cameraMode":{"drawMode":0,"name":"Shaded","section":"Shading Mode"},"sceneLighting":false,"audioPlay":false,"sceneViewState":{"m_AlwaysRefresh":false,"showFog":true,"showSkybox":false,"showFlares":true,"showImageEffects":true,"showParticleSystems":true,"showVisualEffectGraphs":true,"m_FxEnabled":true},"in2DMode":false,"pivot":{"x":-4.900000095367432,"y":1.6100000143051148,"z":-1.0999999046325684},"rotation":{"x":0.1621093451976776,"y":0.08958713710308075,"z":-0.014738130383193493,"w":0.9826129078865051},"size":4.888015270233154,"orthographic":true}