{"cameraMode":{"drawMode":0,"name":"Shaded","section":"Shading Mode"},"sceneLighting":false,"audioPlay":false,"sceneViewState":{"m_AlwaysRefresh":false,"showFog":true,"showSkybox":false,"showFlares":true,"showImageEffects":true,"showParticleSystems":true,"showVisualEffectGraphs":true,"m_FxEnabled":true},"in2DMode":false,"pivot":{"x":1.9553196430206299,"y":1.2807625532150269,"z":-0.6478129625320435},"rotation":{"x":-0.07678218185901642,"y":0.8256134986877441,"z":-0.1159261018037796,"w":-0.5468353033065796},"size":3.6668057441711427,"orthographic":true}