{"cameraMode":{"drawMode":0,"name":"Shaded","section":"Shading Mode"},"sceneLighting":false,"audioPlay":false,"sceneViewState":{"m_AlwaysRefresh":false,"showFog":true,"showSkybox":false,"showFlares":true,"showImageEffects":true,"showParticleSystems":true,"showVisualEffectGraphs":true,"m_FxEnabled":true},"in2DMode":false,"pivot":{"x":3.990000009536743,"y":1.6100000143051148,"z":-3.5299999713897707},"rotation":{"x":-0.5371410846710205,"y":-0.14559528231620789,"z":0.09474363178014755,"w":-0.8254266381263733},"size":0.8353701829910278,"orthographic":true}